candidate_id,rank,score,reasoning
CAND_0002025,1,0.6903,"Strengths: Strong semantic alignment with Senior AI Engineer JD | Ranking and relevance scoring experience | Entity and candidate matching experience | Tooling: LLaMA, Mistral, GPT-3 | Active open-source contributor (GitHub: 96.9/100). Concerns: No major concerns. Assessment: Good candidate — 5.9-yr Senior AI Engineer with relevant background; some areas could be stronger. Immediately available. (Confidence: 74%)"
CAND_0033861,2,0.6691,"Strengths: Strong semantic alignment with Senior AI Engineer JD | Llm fine-tuning and transformers experience | Ranking and relevance scoring experience | Tooling: LLaMA, Mistral, GPT-3 | High-ownership language in career descriptions. Concerns: low recruiter response rate (16%). Assessment: Good candidate — 8.0-yr Senior NLP Engineer with relevant background; some areas could be stronger. Immediately available. (Confidence: 72%)"
CAND_0046525,3,0.653,"Strengths: Strong semantic alignment with Senior AI Engineer JD | Ranking and relevance scoring experience | Entity and candidate matching experience | Tooling: FAISS, BM25 | Strong verified assessment scores (77%). Concerns: minimal production deployment evidence. Assessment: Good candidate — 6.1-yr Senior Machine Learning Engineer with relevant background; some areas could be stronger. 60-day notice. (Confidence: 72%)"
CAND_0018499,4,0.6282,"Strengths: Strong semantic alignment with Senior AI Engineer JD | Ranking and relevance scoring experience | Entity and candidate matching experience | Tooling: FAISS, LLaMA, Mistral | Active open-source contributor (GitHub: 94.8/100). Concerns: No major concerns. Assessment: Good candidate — 7.2-yr Senior Machine Learning Engineer with relevant background; some areas could be stronger. Immediately available. (Confidence: 72%)"
CAND_0088025,5,0.6136,Strengths: Solid semantic match with core JD requirements | Ranking and relevance scoring experience | Entity and candidate matching experience | Tooling: Pinecone | Clear upward career trajectory. Concerns: notice period of 90 days | minimal production deployment evidence. Assessment: Good candidate — 8.6-yr Staff Machine Learning Engineer with relevant background; some areas could be stronger. Long notice period (90 days). (Confidence: 72%)
CAND_0092278,6,0.6009,"Strengths: Strong semantic alignment with Senior AI Engineer JD | Ranking and relevance scoring experience | Entity and candidate matching experience | Tooling: FAISS, LoRA, BM25 | High-ownership language in career descriptions. Concerns: notice period of 90 days | low recent platform activity | low recruiter response rate (7%). Assessment: Moderate fit — 6.8-yr Senior NLP Engineer with partial alignment; notable concerns present. Long notice period (90 days). (Confidence: 62%)"
CAND_0077337,7,0.5985,"Strengths: Solid semantic match with core JD requirements | Ranking and relevance scoring experience | Entity and candidate matching experience | Tooling: LoRA, BM25, Sentence-Transformers | Clear upward career trajectory. Concerns: No major concerns. Assessment: Good candidate — 7.0-yr Staff Machine Learning Engineer with relevant background; some areas could be stronger. 60-day notice. (Confidence: 73%)"
CAND_0093547,8,0.5526,"Strengths: Strong semantic alignment with Senior AI Engineer JD | Ranking and relevance scoring experience | Entity and candidate matching experience | Tooling: Pinecone, LLaMA, Mistral. Concerns: limited experience (2.9 yrs vs 5–9 yr target). Assessment: Moderate fit — 2.9-yr Senior Machine Learning Engineer with partial alignment; notable concerns present. 60-day notice. (Confidence: 62%)"
CAND_0041611,9,0.5335,"Strengths: Strong semantic alignment with Senior AI Engineer JD | Ranking and relevance scoring experience | Entity and candidate matching experience | Tooling: FAISS, BM25, Sentence-Transformers | High-ownership language in career descriptions. Concerns: low recent platform activity | low recruiter response rate (7%). Assessment: Moderate fit — 6.4-yr Staff Machine Learning Engineer with partial alignment; notable concerns present. Immediately available. (Confidence: 62%)"
CAND_0071974,10,0.5322,"Strengths: Strong semantic alignment with Senior AI Engineer JD | Ranking and relevance scoring experience | Llm fine-tuning and transformers experience | Tooling: Pinecone, LLaMA, Mistral | Active open-source contributor (GitHub: 82.8/100). Concerns: No major concerns. Assessment: Good candidate — 7.8-yr Senior AI Engineer with relevant background; some areas could be stronger. 45-day notice. (Confidence: 72%)"
CAND_0081846,11,0.5093,"Strengths: Strong semantic alignment with Senior AI Engineer JD | Ranking and relevance scoring experience | Entity and candidate matching experience | Tooling: FAISS, BM25, Sentence-Transformers | Clear upward career trajectory. Concerns: minimal production deployment evidence. Assessment: Good candidate — 6.7-yr Lead AI Engineer with relevant background; some areas could be stronger. Immediately available. (Confidence: 85%)"
CAND_0005538,12,0.4822,Strengths: Strong semantic alignment with Senior AI Engineer JD | Llm fine-tuning and transformers experience | Ranking and relevance scoring experience | Tooling: LoRA | Strong verified assessment scores (93%). Concerns: notice period of 90 days. Assessment: Moderate fit — 5.9-yr Senior AI Engineer with partial alignment; notable concerns present. Long notice period (90 days). (Confidence: 64%)
CAND_0068351,13,0.4697,Strengths: Strong semantic alignment with Senior AI Engineer JD | Ranking and relevance scoring experience | Entity and candidate matching experience | Non-trivial engineering complexity evidenced. Concerns: minimal production deployment evidence. Assessment: Good candidate — 6.4-yr Lead AI Engineer with relevant background; some areas could be stronger. Immediately available. (Confidence: 72%)
CAND_0094759,14,0.4571,"Strengths: Strong semantic alignment with Senior AI Engineer JD | Ranking and relevance scoring experience | Entity and candidate matching experience | Tooling: FAISS, BM25 | Clear upward career trajectory. Concerns: low recruiter response rate (11%) | minimal production deployment evidence. Assessment: Good candidate — 8.6-yr Lead AI Engineer with relevant background; some areas could be stronger. Immediately available. (Confidence: 72%)"
CAND_0055905,15,0.4502,"Strengths: Strong semantic alignment with Senior AI Engineer JD | Ranking and relevance scoring experience | Entity and candidate matching experience | Tooling: FAISS, LLaMA, Mistral | Strong verified assessment scores (74%). Concerns: No major concerns. Assessment: Good candidate — 8.1-yr Senior Machine Learning Engineer with relevant background; some areas could be stronger. Immediately available. (Confidence: 73%)"
CAND_0046064,16,0.4494,"Strengths: Strong semantic alignment with Senior AI Engineer JD | Llm fine-tuning and transformers experience | Ranking and relevance scoring experience | Tooling: FAISS, Pinecone, LLaMA | Active open-source contributor (GitHub: 67.3/100). Concerns: No major concerns. Assessment: Good candidate — 8.9-yr Senior NLP Engineer with relevant background; some areas could be stronger. Immediately available. (Confidence: 73%)"
CAND_0006567,17,0.4465,Strengths: Strong semantic alignment with Senior AI Engineer JD | Ranking and relevance scoring experience | Entity and candidate matching experience | High-ownership language in career descriptions. Concerns: minimal production deployment evidence. Assessment: Moderate fit — 7.9-yr Senior AI Engineer with partial alignment; notable concerns present. 60-day notice. (Confidence: 62%)
CAND_0011687,18,0.445,"Strengths: Solid semantic match with core JD requirements | Ranking and relevance scoring experience | Llm fine-tuning and transformers experience | Tooling: Pinecone, LLaMA, Mistral | Active open-source contributor (GitHub: 76.3/100). Concerns: No major concerns. Assessment: Good candidate — 7.8-yr Senior NLP Engineer with relevant background; some areas could be stronger. Immediately available. (Confidence: 73%)"
CAND_0008425,19,0.4313,"Strengths: Strong semantic alignment with Senior AI Engineer JD | Ranking and relevance scoring experience | Llm fine-tuning and transformers experience | Tooling: Pinecone, LLaMA, Mistral | Non-trivial engineering complexity evidenced. Concerns: notice period of 90 days. Assessment: Good candidate — 7.8-yr Senior NLP Engineer with relevant background; some areas could be stronger. Long notice period (90 days). (Confidence: 72%)"
CAND_0005260,20,0.4289,"Strengths: Solid semantic match with core JD requirements | Llm fine-tuning and transformers experience | Retrieval and semantic search experience | Tooling: FAISS, LLaMA, Mistral | High-ownership language in career descriptions. Concerns: No major concerns. Assessment: Moderate fit — 5.2-yr Senior NLP Engineer with partial alignment; notable concerns present. 60-day notice. (Confidence: 62%)"
CAND_0007411,21,0.4114,"Strengths: Solid semantic match with core JD requirements | Ranking and relevance scoring experience | Vector database deployment experience | Tooling: Pinecone, LLaMA, Mistral | Active open-source contributor (GitHub: 89.5/100). Concerns: low recent platform activity | low recruiter response rate (12%). Assessment: Moderate fit — 8.0-yr Senior Machine Learning Engineer with partial alignment; notable concerns present. Immediately available. (Confidence: 63%)"
CAND_0079387,22,0.411,"Strengths: Solid semantic match with core JD requirements | Recommendation engine development experience | Entity and candidate matching experience | Tooling: FAISS, Pinecone, Elasticsearch | Production deployment exposure. Concerns: No major concerns. Assessment: Good candidate — 6.9-yr AI Engineer with relevant background; some areas could be stronger. Immediately available. (Confidence: 85%)"
CAND_0086022,23,0.4081,"Strengths: Solid semantic match with core JD requirements | Vector database deployment experience | Ranking and relevance scoring experience | Tooling: FAISS, BM25 | Active open-source contributor (GitHub: 75.2/100). Concerns: minimal production deployment evidence. Assessment: Good candidate — 5.3-yr Senior Applied Scientist with relevant background; some areas could be stronger. Immediately available. (Confidence: 72%)"
CAND_0030031,24,0.3887,Strengths: Solid semantic match with core JD requirements | Recommendation engine development experience | Entity and candidate matching experience | Tooling: MLflow | Production deployment exposure. Concerns: No major concerns. Assessment: Good candidate — 5.7-yr AI Engineer with relevant background; some areas could be stronger. Immediately available. (Confidence: 75%)
CAND_0020350,25,0.3877,Strengths: Solid semantic match with core JD requirements | Entity and candidate matching experience | Llm fine-tuning and transformers experience | Tooling: MLflow | Strong verified assessment scores (87%). Concerns: No major concerns. Assessment: Good candidate — 5.8-yr AI Engineer with relevant background; some areas could be stronger. Immediately available. (Confidence: 73%)
CAND_0024620,26,0.387,Strengths: Solid semantic match with core JD requirements | Entity and candidate matching experience | Ranking and relevance scoring experience | Tooling: MLflow. Concerns: No major concerns. Assessment: Moderate fit — 5.9-yr AI Engineer with partial alignment; notable concerns present. 45-day notice. (Confidence: 63%)
CAND_0060054,27,0.3829,"Strengths: Strong semantic alignment with Senior AI Engineer JD | Entity and candidate matching experience | Retrieval and semantic search experience | Tooling: FAISS, Elasticsearch, BM25 | Adopts cutting-edge technologies consistently. Concerns: minimal production deployment evidence. Assessment: Moderate fit — 6.4-yr AI Engineer with partial alignment; notable concerns present. Immediately available. (Confidence: 62%)"
CAND_0058688,28,0.3826,Strengths: Solid semantic match with core JD requirements | Entity and candidate matching experience | Llm fine-tuning and transformers experience | Tooling: MLflow | Adopts cutting-edge technologies consistently. Concerns: No major concerns. Assessment: Good candidate — 6.7-yr AI Engineer with relevant background; some areas could be stronger. Immediately available. (Confidence: 74%)
CAND_0087630,29,0.3821,Strengths: Solid semantic match with core JD requirements | Entity and candidate matching experience | Recommendation engine development experience. Concerns: minimal production deployment evidence. Assessment: Good candidate — 7.2-yr AI Engineer with relevant background; some areas could be stronger. Immediately available. (Confidence: 72%)
CAND_0058575,30,0.3807,"Strengths: Solid semantic match with core JD requirements | Llm fine-tuning and transformers experience | Entity and candidate matching experience | Tooling: FAISS, Pinecone, Elasticsearch | Adopts cutting-edge technologies consistently. Concerns: notice period of 90 days. Assessment: Moderate fit — 5.8-yr AI Engineer with partial alignment; notable concerns present. Long notice period (90 days). (Confidence: 64%)"
CAND_0005649,31,0.3806,"Strengths: Solid semantic match with core JD requirements | Entity and candidate matching experience | Ranking and relevance scoring experience | Tooling: FAISS, Pinecone, Elasticsearch | Production deployment exposure. Concerns: notice period of 90 days. Assessment: Good candidate — 7.4-yr Senior Data Scientist with relevant background; some areas could be stronger. Long notice period (90 days). (Confidence: 75%)"
CAND_0050454,32,0.3801,"Strengths: Solid semantic match with core JD requirements | Entity and candidate matching experience | Llm fine-tuning and transformers experience | Tooling: FAISS, Elasticsearch, BM25. Concerns: minimal production deployment evidence. Assessment: Moderate fit — 6.8-yr AI Engineer with partial alignment; notable concerns present. Immediately available. (Confidence: 62%)"
CAND_0098846,33,0.3791,"Strengths: Strong semantic alignment with Senior AI Engineer JD | Ranking and relevance scoring experience | Entity and candidate matching experience | Tooling: Pinecone, GPT-4, MLflow | Active open-source contributor (GitHub: 86.2/100). Concerns: No major concerns. Assessment: Moderate fit — 7.6-yr AI Engineer with partial alignment; notable concerns present. 45-day notice. (Confidence: 64%)"
CAND_0006418,34,0.3781,Strengths: Solid semantic match with core JD requirements | Ranking and relevance scoring experience | Entity and candidate matching experience | Tooling: MLflow | Strong verified assessment scores (89%). Concerns: No major concerns. Assessment: Good candidate — 5.7-yr Machine Learning Engineer with relevant background; some areas could be stronger. 60-day notice. (Confidence: 74%)
CAND_0027691,35,0.378,"Strengths: Solid semantic match with core JD requirements | Llm fine-tuning and transformers experience | Recommendation engine development experience | Tooling: FAISS, Elasticsearch, BM25 | Adopts cutting-edge technologies consistently. Concerns: No major concerns. Assessment: Good candidate — 6.5-yr NLP Engineer with relevant background; some areas could be stronger. Immediately available. (Confidence: 72%)"
CAND_0030468,36,0.3779,Strengths: Solid semantic match with core JD requirements | Entity and candidate matching experience | Ranking and relevance scoring experience | Strong verified assessment scores (85%) | Non-trivial engineering complexity evidenced. Concerns: No major concerns. Assessment: Good candidate — 5.4-yr Senior Applied Scientist with relevant background; some areas could be stronger. 45-day notice. (Confidence: 72%)
CAND_0062247,37,0.3775,"Strengths: Solid semantic match with core JD requirements | Entity and candidate matching experience | Ranking and relevance scoring experience | Tooling: FAISS, Elasticsearch, BM25 | Adopts cutting-edge technologies consistently. Concerns: minimal production deployment evidence. Assessment: Moderate fit — 7.3-yr AI Engineer with partial alignment; notable concerns present. Immediately available. (Confidence: 62%)"
CAND_0043228,38,0.3769,"Strengths: Solid semantic match with core JD requirements | Entity and candidate matching experience | Ranking and relevance scoring experience | Tooling: FAISS, Elasticsearch, BM25 | Strong verified assessment scores (74%). Concerns: No major concerns. Assessment: Good candidate — 6.8-yr Applied ML Engineer with relevant background; some areas could be stronger. Immediately available. (Confidence: 72%)"
CAND_0081852,39,0.3768,"Strengths: Solid semantic match with core JD requirements | Entity and candidate matching experience | Vector database deployment experience | Tooling: Pinecone, GPT-4, MLflow | Clear upward career trajectory. Concerns: No major concerns. Assessment: Good candidate — 5.9-yr Senior Data Scientist with relevant background; some areas could be stronger. 45-day notice. (Confidence: 74%)"
CAND_0042029,40,0.3763,"Strengths: Solid semantic match with core JD requirements | Ranking and relevance scoring experience | Entity and candidate matching experience | Tooling: Pinecone, GPT-4 | Clear upward career trajectory. Concerns: minimal production deployment evidence. Assessment: Good candidate — 6.5-yr Senior Data Scientist with relevant background; some areas could be stronger. 45-day notice. (Confidence: 72%)"
CAND_0044222,41,0.3751,"Strengths: Solid semantic match with core JD requirements | Entity and candidate matching experience | Llm fine-tuning and transformers experience | Tooling: FAISS, Elasticsearch, BM25 | Adopts cutting-edge technologies consistently. Concerns: minimal production deployment evidence. Assessment: Moderate fit — 7.7-yr AI Engineer with partial alignment; notable concerns present. 60-day notice. (Confidence: 62%)"
CAND_0093193,42,0.3737,Strengths: Solid semantic match with core JD requirements | Ranking and relevance scoring experience | Entity and candidate matching experience | Strong verified assessment scores (73%). Concerns: minimal production deployment evidence. Assessment: Moderate fit — 7.9-yr Senior Machine Learning Engineer with partial alignment; notable concerns present. 45-day notice. (Confidence: 62%)
CAND_0052328,43,0.3729,"Strengths: Solid semantic match with core JD requirements | Recommendation engine development experience | Ranking and relevance scoring experience | Tooling: Pinecone, GPT-4, MLflow | Adopts cutting-edge technologies consistently. Concerns: No major concerns. Assessment: Good candidate — 6.5-yr Recommendation Systems Engineer with relevant background; some areas could be stronger. Immediately available. (Confidence: 85%)"
CAND_0060072,44,0.3724,Strengths: Solid semantic match with core JD requirements | Entity and candidate matching experience | Vector database deployment experience | Tooling: LoRA | Clear upward career trajectory. Concerns: notice period of 90 days | low recruiter response rate (10%) | minimal production deployment evidence. Assessment: Moderate fit — 5.7-yr Staff Machine Learning Engineer with partial alignment; notable concerns present. Long notice period (90 days). (Confidence: 62%)
CAND_0064904,45,0.3716,Strengths: Solid semantic match with core JD requirements | Entity and candidate matching experience | Ranking and relevance scoring experience | Tooling: MLflow | Adopts cutting-edge technologies consistently. Concerns: notice period of 90 days. Assessment: Moderate fit — 4.9-yr AI Engineer with partial alignment; notable concerns present. Long notice period (90 days). (Confidence: 63%)
CAND_0044855,46,0.3696,"Strengths: Solid semantic match with core JD requirements | Entity and candidate matching experience | Recommendation engine development experience | Tooling: FAISS, Pinecone, Elasticsearch | Clear upward career trajectory. Concerns: minimal production deployment evidence. Assessment: Good candidate — 6.6-yr Senior Data Scientist with relevant background; some areas could be stronger. 60-day notice. (Confidence: 72%)"
CAND_0049538,47,0.3689,Strengths: Solid semantic match with core JD requirements | Ranking and relevance scoring experience | Entity and candidate matching experience | Tooling: MLflow | Active open-source contributor (GitHub: 90.8/100). Concerns: No major concerns. Assessment: Good candidate — 5.8-yr Applied ML Engineer with relevant background; some areas could be stronger. Immediately available. (Confidence: 72%)
CAND_0004402,48,0.3678,Strengths: Solid semantic match with core JD requirements | Entity and candidate matching experience | Llm fine-tuning and transformers experience | Tooling: PyTorch | Strong verified assessment scores (85%). Concerns: minimal production deployment evidence. Assessment: Moderate fit — 6.0-yr AI Research Engineer with partial alignment; notable concerns present. 60-day notice. (Confidence: 62%)
CAND_0080766,49,0.3674,"Strengths: Solid semantic match with core JD requirements | Entity and candidate matching experience | Ranking and relevance scoring experience | Tooling: BM25, Sentence-Transformers | Clear upward career trajectory. Concerns: No major concerns. Assessment: Moderate fit — 8.8-yr Staff Machine Learning Engineer with partial alignment; notable concerns present. Immediately available. (Confidence: 64%)"
CAND_0005269,50,0.3659,Strengths: Solid semantic match with core JD requirements | Entity and candidate matching experience | Vector database deployment experience | Tooling: PyTorch | Clear upward career trajectory. Concerns: low recruiter response rate (28%) | minimal production deployment evidence. Assessment: Moderate fit — 6.1-yr Senior Software Engineer (ML) with partial alignment; notable concerns present. 45-day notice. (Confidence: 63%)
CAND_0067866,51,0.3647,"Strengths: Solid semantic match with core JD requirements | Vector database deployment experience | Entity and candidate matching experience | Tooling: BERT, PyTorch | Clear upward career trajectory. Concerns: minimal production deployment evidence. Assessment: Moderate fit — 6.4-yr Senior Software Engineer (ML) with partial alignment; notable concerns present. 45-day notice. (Confidence: 62%)"
CAND_0076251,52,0.3642,"Strengths: Solid semantic match with core JD requirements | Ranking and relevance scoring experience | Entity and candidate matching experience | Tooling: FAISS, Elasticsearch, BM25 | Adopts cutting-edge technologies consistently. Concerns: No major concerns. Assessment: Good candidate — 7.6-yr Search Engineer with relevant background; some areas could be stronger. 60-day notice. (Confidence: 73%)"
CAND_0030953,53,0.3632,"Strengths: Solid semantic match with core JD requirements | Ranking and relevance scoring experience | Entity and candidate matching experience | Tooling: FAISS, Pinecone, Elasticsearch | High-ownership language in career descriptions. Concerns: minimal production deployment evidence. Assessment: Good candidate — 7.8-yr Search Engineer with relevant background; some areas could be stronger. 45-day notice. (Confidence: 72%)"
CAND_0072660,54,0.3629,Strengths: Solid semantic match with core JD requirements | Ranking and relevance scoring experience | Entity and candidate matching experience | Tooling: MLflow | Adopts cutting-edge technologies consistently. Concerns: No major concerns. Assessment: Good candidate — 7.1-yr Machine Learning Engineer with relevant background; some areas could be stronger. Immediately available. (Confidence: 73%)
CAND_0064326,55,0.3621,"Strengths: Solid semantic match with core JD requirements | Ranking and relevance scoring experience | Entity and candidate matching experience | Tooling: Pinecone, GPT-4 | Active open-source contributor (GitHub: 61.4/100). Concerns: minimal production deployment evidence. Assessment: Good candidate — 7.6-yr Search Engineer with relevant background; some areas could be stronger. 45-day notice. (Confidence: 72%)"
CAND_0037944,56,0.362,"Strengths: Solid semantic match with core JD requirements | Ranking and relevance scoring experience | Vector database deployment experience | Tooling: Pinecone, GPT-4 | Clear upward career trajectory. Concerns: minimal production deployment evidence. Assessment: Moderate fit — 4.9-yr Senior Data Scientist with partial alignment; notable concerns present. Immediately available. (Confidence: 62%)"
CAND_0045250,57,0.3616,Strengths: Solid semantic match with core JD requirements | Entity and candidate matching experience | Ranking and relevance scoring experience | Tooling: MLflow | Strong verified assessment scores (78%). Concerns: No major concerns. Assessment: Good candidate — 6.6-yr Applied ML Engineer with relevant background; some areas could be stronger. Immediately available. (Confidence: 74%)
CAND_0047542,58,0.3616,Strengths: Solid semantic match with core JD requirements | Entity and candidate matching experience | Vector database deployment experience | Tooling: PyTorch | Clear upward career trajectory. Concerns: minimal production deployment evidence. Assessment: Moderate fit — 5.0-yr Senior Software Engineer (ML) with partial alignment; notable concerns present. 45-day notice. (Confidence: 62%)
CAND_0095528,59,0.3614,Strengths: Solid semantic match with core JD requirements | Ranking and relevance scoring experience | Vector database deployment experience | Tooling: MLflow | Clear upward career trajectory. Concerns: No major concerns. Assessment: Moderate fit — 5.3-yr Senior Data Scientist with partial alignment; notable concerns present. 45-day notice. (Confidence: 63%)
CAND_0033179,60,0.3608,Strengths: Solid semantic match with core JD requirements | Entity and candidate matching experience | Llm fine-tuning and transformers experience | Tooling: PyTorch. Concerns: minimal production deployment evidence. Assessment: Moderate fit — 6.9-yr AI Research Engineer with partial alignment; notable concerns present. Immediately available. (Confidence: 62%)
CAND_0010685,61,0.3589,"Strengths: Solid semantic match with core JD requirements | Ranking and relevance scoring experience | Llm fine-tuning and transformers experience | Tooling: FAISS, Elasticsearch, BM25 | High-ownership language in career descriptions. Concerns: No major concerns. Assessment: Moderate fit — 6.7-yr NLP Engineer with partial alignment; notable concerns present. Immediately available. (Confidence: 64%)"
CAND_0018888,62,0.3582,"Strengths: Solid semantic match with core JD requirements | Entity and candidate matching experience | Retrieval and semantic search experience | Tooling: BERT, PyTorch | Adopts cutting-edge technologies consistently. Concerns: minimal production deployment evidence. Assessment: Moderate fit — 6.5-yr AI Research Engineer with partial alignment; notable concerns present. Immediately available. (Confidence: 62%)"
CAND_0081686,63,0.3579,"Strengths: Solid semantic match with core JD requirements | Ranking and relevance scoring experience | Entity and candidate matching experience | Tooling: FAISS, Elasticsearch, BM25 | Adopts cutting-edge technologies consistently. Concerns: minimal production deployment evidence. Assessment: Moderate fit — 6.0-yr Search Engineer with partial alignment; notable concerns present. 60-day notice. (Confidence: 62%)"
CAND_0083879,64,0.3572,Strengths: Solid semantic match with core JD requirements | Ranking and relevance scoring experience | Entity and candidate matching experience | Tooling: MLflow. Concerns: No major concerns. Assessment: Good candidate — 7.1-yr Machine Learning Engineer with relevant background; some areas could be stronger. Immediately available. (Confidence: 75%)
CAND_0098780,65,0.357,Strengths: Solid semantic match with core JD requirements | Entity and candidate matching experience | Llm fine-tuning and transformers experience | Tooling: PyTorch. Concerns: minimal production deployment evidence. Assessment: Moderate fit — 5.9-yr AI Research Engineer with partial alignment; notable concerns present. 60-day notice. (Confidence: 62%)
CAND_0028793,66,0.3566,"Strengths: Solid semantic match with core JD requirements | Ranking and relevance scoring experience | Entity and candidate matching experience | Tooling: FAISS, Pinecone, Elasticsearch | Adopts cutting-edge technologies consistently. Concerns: very long notice period (120 days) | minimal production deployment evidence. Assessment: Moderate fit — 7.2-yr Search Engineer with partial alignment; notable concerns present. Long notice period (120 days). (Confidence: 62%)"
CAND_0067643,67,0.3564,Strengths: Solid semantic match with core JD requirements | Entity and candidate matching experience | Llm fine-tuning and transformers experience | Tooling: PyTorch | Adopts cutting-edge technologies consistently. Concerns: minimal production deployment evidence. Assessment: Moderate fit — 6.0-yr AI Research Engineer with partial alignment; notable concerns present. 60-day notice. (Confidence: 62%)
CAND_0093912,68,0.3564,"Strengths: Solid semantic match with core JD requirements | Ranking and relevance scoring experience | Entity and candidate matching experience | Tooling: FAISS, Elasticsearch, BM25 | Adopts cutting-edge technologies consistently. Concerns: minimal production deployment evidence. Assessment: Moderate fit — 5.3-yr Senior Data Scientist with partial alignment; notable concerns present. Immediately available. (Confidence: 62%)"
CAND_0041610,69,0.3556,"Strengths: Solid semantic match with core JD requirements | Recommendation engine development experience | Ranking and relevance scoring experience | Tooling: Pinecone, GPT-4, MLflow. Concerns: No major concerns. Assessment: Good candidate — 6.7-yr Recommendation Systems Engineer with relevant background; some areas could be stronger. Immediately available. (Confidence: 74%)"
CAND_0029367,70,0.3553,"Strengths: Solid semantic match with core JD requirements | Entity and candidate matching experience | Llm fine-tuning and transformers experience | Tooling: FAISS, Pinecone, Elasticsearch | High-ownership language in career descriptions. Concerns: notice period of 90 days | minimal production deployment evidence. Assessment: Moderate fit — 5.7-yr Senior Data Scientist with partial alignment; notable concerns present. Long notice period (90 days). (Confidence: 62%)"
CAND_0065195,71,0.3553,"Strengths: Solid semantic match with core JD requirements | Ranking and relevance scoring experience | Entity and candidate matching experience | Tooling: Pinecone, GPT-4, MLflow | Adopts cutting-edge technologies consistently. Concerns: No major concerns. Assessment: Moderate fit — 5.1-yr Search Engineer with partial alignment; notable concerns present. 45-day notice. (Confidence: 64%)"
CAND_0019961,72,0.3552,"Strengths: Solid semantic match with core JD requirements | Entity and candidate matching experience | Vector database deployment experience | Tooling: Apache Spark, Redis. Concerns: low recruiter response rate (18%). Assessment: Moderate fit — 7.2-yr Senior Data Engineer with partial alignment; notable concerns present. Immediately available. (Confidence: 63%)"
CAND_0056881,73,0.3552,Strengths: Solid semantic match with core JD requirements | Entity and candidate matching experience | Ranking and relevance scoring experience | Tooling: MLflow | Adopts cutting-edge technologies consistently. Concerns: notice period of 90 days. Assessment: Moderate fit — 4.5-yr Machine Learning Engineer with partial alignment; notable concerns present. Long notice period (90 days). (Confidence: 62%)
CAND_0065878,74,0.355,Strengths: Solid semantic match with core JD requirements | Entity and candidate matching experience | Ranking and relevance scoring experience. Concerns: minimal production deployment evidence. Assessment: Moderate fit — 7.8-yr Senior Data Scientist with partial alignment; notable concerns present. Immediately available. (Confidence: 62%)
CAND_0013665,75,0.3549,Strengths: Solid semantic match with core JD requirements | Entity and candidate matching experience | Llm fine-tuning and transformers experience. Concerns: minimal production deployment evidence. Assessment: Moderate fit — 5.2-yr Senior Software Engineer (ML) with partial alignment; notable concerns present. Immediately available. (Confidence: 62%)
CAND_0069905,76,0.3549,"Strengths: Solid semantic match with core JD requirements | Entity and candidate matching experience | Llm fine-tuning and transformers experience | Tooling: FAISS, Pinecone, Elasticsearch | High-ownership language in career descriptions. Concerns: notice period of 90 days | minimal production deployment evidence. Assessment: Moderate fit — 6.6-yr Applied ML Engineer with partial alignment; notable concerns present. Long notice period (90 days). (Confidence: 62%)"
CAND_0093474,77,0.3544,Strengths: Solid semantic match with core JD requirements | Entity and candidate matching experience | Vector database deployment experience | Clear upward career trajectory | Adopts cutting-edge technologies consistently. Concerns: notice period of 90 days | minimal production deployment evidence. Assessment: Moderate fit — 5.3-yr Senior Software Engineer (ML) with partial alignment; notable concerns present. Long notice period (90 days). (Confidence: 62%)
CAND_0081053,78,0.3543,Strengths: Solid semantic match with core JD requirements | Llm fine-tuning and transformers experience | Ranking and relevance scoring experience | Tooling: MLflow | Adopts cutting-edge technologies consistently. Concerns: notice period of 90 days. Assessment: Moderate fit — 5.4-yr NLP Engineer with partial alignment; notable concerns present. Long notice period (90 days). (Confidence: 62%)
CAND_0032515,79,0.3542,Strengths: Solid semantic match with core JD requirements | Entity and candidate matching experience | Ranking and relevance scoring experience | Tooling: MLflow | Adopts cutting-edge technologies consistently. Concerns: No major concerns. Assessment: Moderate fit — 5.1-yr Machine Learning Engineer with partial alignment; notable concerns present. 45-day notice. (Confidence: 64%)
CAND_0051466,80,0.3539,Strengths: Solid semantic match with core JD requirements | Entity and candidate matching experience | Llm fine-tuning and transformers experience. Concerns: minimal production deployment evidence. Assessment: Moderate fit — 5.3-yr AI Research Engineer with partial alignment; notable concerns present. 60-day notice. (Confidence: 62%)
CAND_0053605,81,0.3537,Strengths: Solid semantic match with core JD requirements | Vector database deployment experience | Entity and candidate matching experience | Tooling: PyTorch | Clear upward career trajectory. Concerns: minimal production deployment evidence. Assessment: Moderate fit — 6.9-yr Senior Software Engineer (ML) with partial alignment; notable concerns present. Immediately available. (Confidence: 62%)
CAND_0049978,82,0.353,Strengths: Solid semantic match with core JD requirements | Entity and candidate matching experience | Vector database deployment experience | Clear upward career trajectory | Active open-source contributor (GitHub: 69.4/100). Concerns: minimal production deployment evidence. Assessment: Moderate fit — 6.6-yr Senior Software Engineer (ML) with partial alignment; notable concerns present. 60-day notice. (Confidence: 62%)
CAND_0017590,83,0.3529,"Strengths: Solid semantic match with core JD requirements | Entity and candidate matching experience | Llm fine-tuning and transformers experience | Tooling: BERT, PyTorch. Concerns: minimal production deployment evidence. Assessment: Moderate fit — 5.1-yr AI Research Engineer with partial alignment; notable concerns present. 45-day notice. (Confidence: 62%)"
CAND_0040946,84,0.3529,Strengths: Solid semantic match with core JD requirements | Entity and candidate matching experience | Llm fine-tuning and transformers experience | Strong verified assessment scores (81%). Concerns: low recruiter response rate (28%) | minimal production deployment evidence. Assessment: Moderate fit — 6.0-yr AI Research Engineer with partial alignment; notable concerns present. 45-day notice. (Confidence: 62%)
CAND_0016657,85,0.3525,Strengths: Solid semantic match with core JD requirements | Entity and candidate matching experience | Llm fine-tuning and transformers experience | Adopts cutting-edge technologies consistently. Concerns: minimal production deployment evidence. Assessment: Moderate fit — 5.3-yr AI Research Engineer with partial alignment; notable concerns present. 60-day notice. (Confidence: 62%)
CAND_0042690,86,0.3523,"Strengths: Solid semantic match with core JD requirements | Entity and candidate matching experience | Vector database deployment experience | Tooling: BERT, PyTorch | Clear upward career trajectory. Concerns: minimal production deployment evidence. Assessment: Moderate fit — 6.3-yr Senior Software Engineer (ML) with partial alignment; notable concerns present. 60-day notice. (Confidence: 63%)"
CAND_0015578,87,0.3519,"Strengths: Solid semantic match with core JD requirements | Entity and candidate matching experience | Retrieval and semantic search experience | Tooling: Pinecone, GPT-4. Concerns: notice period of 90 days | minimal production deployment evidence. Assessment: Moderate fit — 5.4-yr AI Engineer with partial alignment; notable concerns present. Long notice period (90 days). (Confidence: 62%)"
CAND_0061257,88,0.3514,Strengths: Solid semantic match with core JD requirements | Ranking and relevance scoring experience | Entity and candidate matching experience | Clear upward career trajectory | Non-trivial engineering complexity evidenced. Concerns: minimal production deployment evidence. Assessment: Moderate fit — 8.0-yr Staff Machine Learning Engineer with partial alignment; notable concerns present. Immediately available. (Confidence: 63%)
CAND_0060835,89,0.3512,Strengths: Solid semantic match with core JD requirements | Entity and candidate matching experience | Vector database deployment experience | Adopts cutting-edge technologies consistently | Active open-source contributor (GitHub: 81.8/100). Concerns: notice period of 90 days | minimal production deployment evidence. Assessment: Moderate fit — 6.6-yr Senior Software Engineer (ML) with partial alignment; notable concerns present. Long notice period (90 days). (Confidence: 62%)
CAND_0075249,90,0.3512,"Strengths: Solid semantic match with core JD requirements | Entity and candidate matching experience | Ranking and relevance scoring experience | Tooling: FAISS, Elasticsearch, BM25 | Strong verified assessment scores (75%). Concerns: minimal production deployment evidence. Assessment: Good candidate — 6.2-yr Applied ML Engineer with relevant background; some areas could be stronger. 45-day notice. (Confidence: 72%)"
CAND_0091909,91,0.3511,Strengths: Solid semantic match with core JD requirements | Recommendation engine development experience | Entity and candidate matching experience | High-ownership language in career descriptions. Concerns: minimal production deployment evidence. Assessment: Moderate fit — 6.9-yr Machine Learning Engineer with partial alignment; notable concerns present. 45-day notice. (Confidence: 62%)
CAND_0051004,92,0.351,"Strengths: Solid semantic match with core JD requirements | Vector database deployment experience | Entity and candidate matching experience | Tooling: Pinecone, GPT-4 | Clear upward career trajectory. Concerns: minimal production deployment evidence. Assessment: Moderate fit — 4.7-yr Senior Data Scientist with partial alignment; notable concerns present. Immediately available. (Confidence: 62%)"
CAND_0051003,93,0.3508,Strengths: Solid semantic match with core JD requirements | Entity and candidate matching experience | Vector database deployment experience | Tooling: PyTorch | Active open-source contributor (GitHub: 61.1/100). Concerns: minimal production deployment evidence. Assessment: Moderate fit — 4.0-yr Senior Software Engineer (ML) with partial alignment; notable concerns present. 60-day notice. (Confidence: 62%)
CAND_0078508,94,0.3504,"Strengths: Solid semantic match with core JD requirements | Entity and candidate matching experience | Llm fine-tuning and transformers experience | Tooling: BERT, PyTorch. Concerns: minimal production deployment evidence. Assessment: Moderate fit — 5.2-yr AI Research Engineer with partial alignment; notable concerns present. Immediately available. (Confidence: 62%)"
CAND_0077498,95,0.35,"Strengths: Solid semantic match with core JD requirements | Entity and candidate matching experience | Vector database deployment experience | Tooling: BERT, PyTorch | Clear upward career trajectory. Concerns: minimal production deployment evidence. Assessment: Moderate fit — 5.4-yr Senior Software Engineer (ML) with partial alignment; notable concerns present. 60-day notice. (Confidence: 62%)"
CAND_0037980,96,0.3497,Strengths: Solid semantic match with core JD requirements | Ranking and relevance scoring experience | Entity and candidate matching experience | Strong verified assessment scores (72%). Concerns: No major concerns. Assessment: Moderate fit — 9.0-yr Senior Applied Scientist with partial alignment; notable concerns present. Immediately available. (Confidence: 62%)
CAND_0007011,97,0.3492,"Strengths: Solid semantic match with core JD requirements | Vector database deployment experience | Entity and candidate matching experience | Tooling: Apache Spark, Kafka | Clear upward career trajectory. Concerns: minimal production deployment evidence. Assessment: Moderate fit — 6.7-yr Senior Data Engineer with partial alignment; notable concerns present. Immediately available. (Confidence: 62%)"
CAND_0013613,98,0.349,"Strengths: Solid semantic match with core JD requirements | Llm fine-tuning and transformers experience | Entity and candidate matching experience | Tooling: FAISS, Elasticsearch, BM25 | Adopts cutting-edge technologies consistently. Concerns: minimal production deployment evidence. Assessment: Moderate fit — 4.7-yr Machine Learning Engineer with partial alignment; notable concerns present. 60-day notice. (Confidence: 62%)"
CAND_0036437,99,0.3489,Strengths: Solid semantic match with core JD requirements | Ranking and relevance scoring experience | Entity and candidate matching experience | Tooling: MLflow | Strong verified assessment scores (71%). Concerns: No major concerns. Assessment: Moderate fit — 4.8-yr Search Engineer with partial alignment; notable concerns present. Immediately available. (Confidence: 63%)
CAND_0046621,100,0.3487,Strengths: Solid semantic match with core JD requirements | Entity and candidate matching experience | Llm fine-tuning and transformers experience | Strong verified assessment scores (73%). Concerns: minimal production deployment evidence. Assessment: Moderate fit — 6.6-yr AI Research Engineer with partial alignment; notable concerns present. 45-day notice. (Confidence: 62%)
